Customer_ID,Age,Gender,City_Tier,Income,Tenure_Months,Visits_Per_Month,Products_Bought,Avg_Order_Value,Discount_Usage_Rate,Cart_Abandonment_Rate,Reviews_Given,Support_Tickets,Days_Since_Last_Purchase,Membership_Type,Preferred_Category,Annual_Spending,Churn
CUST0001,22,Female,Tier 3,101500,104,4.2,13,4300,0.119,0.668,6,4,69,Basic,Electronics,55531,1
CUST0002,59,Female,Tier 1,79700,58,11.7,17,3230,0.194,0.503,6,1,0,None,Fashion,38129,0
CUST0003,52,Male,Tier 2,90900,114,11.5,23,4650,0.435,0.579,4,4,81,None,Grocery,55590,0
CUST0004,41,Other,Tier 2,66300,120,22.8,18,3010,0.017,0.38,4,0,25,Basic,Fashion,74415,0
CUST0005,40,Female,Tier 3,62400,71,17.4,16,5530,0.4,0.521,7,3,4,Basic,Grocery,55308,0
CUST0006,63,Female,Tier 2,55600,81,12.1,15,2800,0.045,0.484,11,2,106,Basic,Fashion,59327,1
CUST0007,22,Male,Tier 1,71400,31,13.5,14,6340,0.427,0.518,3,2,15,Basic,Beauty,85290,0
CUST0008,54,Male,Tier 2,49000,98,12.3,13,2660,0.264,0.415,3,1,90,Basic,Home,32840,1
CUST0009,28,Male,Tier 1,81500,81,10.8,14,4160,0.605,0.408,3,1,34,Basic,Home,43594,0
CUST0010,22,Female,Tier 1,91100,109,5.5,9,4170,0.248,0.718,7,3,150,Basic,Grocery,35548,0
CUST0011,45,Male,Tier 2,81000,33,11.1,17,7560,0.542,0.485,9,2,94,Basic,Grocery,73105,1
CUST0012,69,Male,Tier 2,73400,95,7.5,11,5680,0.507,0.598,7,1,40,Basic,Grocery,62883,1
CUST0013,56,Male,Tier 1,89100,57,4.5,20,4890,0.217,0.575,6,1,45,None,Fashion,48218,0
CUST0014,58,Female,Tier 1,67200,23,15.1,17,5900,0.198,0.345,4,1,74,Basic,Fashion,57246,0
CUST0015,56,Male,Tier 1,103600,21,14.3,12,1650,0.292,0.417,8,2,47,Premium,Grocery,53984,0
CUST0016,59,Female,Tier 1,22100,68,1.3,12,4390,0.298,0.754,4,2,90,Premium,Electronics,46491,0
CUST0017,45,Female,Tier 1,59900,39,11.3,21,8510,0.224,0.516,6,5,116,Basic,Electronics,50595,1
CUST0018,24,Female,Tier 2,15000,13,18.0,15,4620,0.453,0.189,3,0,8,Basic,Home,42477,0
CUST0019,62,Male,Tier 1,33600,52,18.4,24,4730,0.183,0.332,3,1,50,Basic,Electronics,64587,0
CUST0020,41,Female,Tier 3,108900,79,18.2,12,6490,0.213,0.535,3,0,97,Basic,Grocery,61752,0
CUST0021,44,Female,Tier 3,96400,39,12.2,14,6970,0.279,0.426,3,1,91,Basic,Grocery,52105,0
CUST0022,37,Female,Tier 2,44400,115,6.9,20,1140,0.554,0.346,3,1,55,Premium,Electronics,48525,1
CUST0023,27,Male,Tier 1,15900,94,5.5,14,1360,0.231,0.737,3,4,79,None,Beauty,34785,1
CUST0024,67,Male,Tier 2,15000,62,14.1,20,4760,0.489,0.487,7,2,0,None,Electronics,62262,0
CUST0025,59,Male,Tier 3,60700,113,14.3,15,3640,0.746,0.408,7,1,16,None,Beauty,55211,0
CUST0026,52,Female,Tier 2,146100,52,19.7,16,8310,0.498,0.297,7,2,54,None,Home,87409,0
CUST0027,39,Male,Tier 3,80000,17,18.6,12,4590,0.325,0.459,4,1,50,Premium,Electronics,58459,0
CUST0028,61,Male,Tier 2,61200,5,11.2,18,1450,0.367,0.408,5,2,63,Basic,Electronics,32072,1
CUST0029,46,Male,Tier 2,84500,113,4.5,15,2930,0.464,0.677,3,2,126,Basic,Fashion,49720,0
CUST0030,41,Female,Tier 1,21200,116,10.1,12,200,0.643,0.533,7,2,25,Basic,Fashion,39518,0
CUST0031,41,Male,Tier 2,59100,89,13.3,12,4490,0.394,0.455,5,6,52,Basic,Electronics,34084,0
CUST0032,30,Female,Tier 1,65500,13,10.8,16,4650,0.52,0.483,3,4,73,Basic,Beauty,42396,0
CUST0033,22,Female,Tier 2,55900,36,8.5,20,4110,0.383,0.485,5,1,42,None,Electronics,39671,0
CUST0034,47,Male,Tier 3,94700,5,13.5,10,7280,0.281,0.532,7,4,120,Basic,Home,44077,1
CUST0035,65,Female,Tier 1,90300,7,9.0,9,7440,0.294,0.408,2,3,97,None,Electronics,64564,1
CUST0036,21,Male,Tier 2,78000,30,8.2,10,4830,0.394,0.345,6,1,70,Premium,Beauty,58748,0
CUST0037,63,Female,Tier 1,58300,69,13.9,30,1060,0.411,0.483,6,2,130,None,Electronics,61263,1
CUST0038,61,Female,Tier 2,104900,8,9.6,10,6570,0.559,0.549,8,6,15,Basic,Fashion,58822,1
CUST0039,32,Female,Tier 1,112400,119,13.5,17,6550,0.11,0.476,6,5,62,Premium,Grocery,82753,0
CUST0040,51,Male,Tier 3,43900,55,13.6,19,5280,0.415,0.467,4,1,75,None,Electronics,29683,0
CUST0041,26,Female,Tier 1,33900,32,5.2,14,6370,0.541,0.52,8,4,40,None,Home,35816,0
CUST0042,58,Female,Tier 3,116600,62,9.1,15,3500,0.699,0.572,7,3,86,Premium,Fashion,58286,0
CUST0043,55,Female,Tier 3,69300,95,20.6,9,8650,0.11,0.316,3,0,0,Basic,Grocery,52969,0
CUST0044,36,Female,Tier 2,107600,38,5.0,14,3760,0.29,0.506,8,3,101,Basic,Grocery,40873,1
CUST0045,21,Male,Tier 3,44700,6,0.0,13,6090,0.45,0.599,5,2,127,None,Grocery,15190,1
CUST0046,69,Male,Tier 3,125700,7,0.8,14,2670,0.364,0.82,4,5,112,Basic,Electronics,41794,1
CUST0047,41,Male,Tier 3,71900,103,12.2,15,3390,0.805,0.274,4,1,0,Basic,Electronics,58574,0
CUST0048,65,Female,Tier 1,87700,14,12.2,9,7980,0.541,0.497,4,1,28,Premium,Electronics,58599,0
CUST0049,53,Male,Tier 2,120900,77,11.3,15,5180,0.357,0.293,9,3,73,Basic,Fashion,70588,0
CUST0050,59,Male,Tier 1,66100,47,19.3,7,6510,0.534,0.33,6,3,46,Premium,Electronics,64907,0
CUST0051,58,Female,Tier 2,48300,94,0.0,14,5210,0.069,0.587,4,4,0,Basic,Beauty,8242,0
CUST0052,28,Female,Tier 1,48000,8,14.4,19,4590,0.565,0.205,6,2,89,None,Grocery,37432,0
CUST0053,37,Male,Tier 2,79600,108,21.4,19,7610,0.523,0.348,6,5,49,Basic,Grocery,86183,0
CUST0054,42,Female,Tier 2,21500,84,5.2,19,4030,0.148,0.514,10,3,44,None,Fashion,14703,1
CUST0055,44,Male,Tier 2,88600,54,9.7,14,2060,0.348,0.275,5,6,90,Basic,Fashion,48737,0
CUST0056,20,Female,Tier 2,41300,25,7.5,12,3250,0.707,0.601,8,2,52,Basic,Grocery,51777,1
CUST0057,46,Male,Tier 3,104900,118,6.6,15,6450,0.368,0.675,4,6,58,Basic,Fashion,48052,0
CUST0058,26,Female,Tier 3,15000,37,10.0,15,5090,0.246,0.629,9,2,91,None,Fashion,27563,0
CUST0059,57,Female,Tier 2,52400,59,20.6,11,2010,0.509,0.357,7,5,113,Basic,Fashion,30606,0
CUST0060,54,Female,Tier 2,23900,48,23.0,18,3180,0.356,0.29,5,0,99,Basic,Grocery,67664,0
CUST0061,66,Male,Tier 3,55700,28,10.0,8,3820,0.227,0.613,3,2,90,Basic,Beauty,33474,0
CUST0062,57,Female,Tier 1,83400,50,23.4,11,4540,0.695,0.447,6,0,66,Basic,Electronics,63561,0
CUST0063,37,Male,Tier 1,60600,19,12.2,10,2450,0.13,0.56,4,3,100,None,Fashion,52706,0
CUST0064,69,Male,Tier 1,74400,1,22.5,14,3960,0.597,0.198,5,3,0,Basic,Electronics,70999,0
CUST0065,39,Female,Tier 2,62200,35,11.4,20,3630,0.353,0.479,7,0,89,Basic,Fashion,35441,0
CUST0066,35,Male,Tier 2,71100,14,12.8,11,6440,0.199,0.482,3,1,35,Basic,Home,44368,0
CUST0067,65,Female,Tier 3,49700,50,14.2,12,6250,0.258,0.236,2,2,57,None,Electronics,50168,0
CUST0068,37,Female,Tier 2,87200,104,30.0,16,4980,0.427,0.227,9,3,16,Basic,Grocery,73688,0
CUST0069,22,Male,Tier 1,78400,20,17.1,19,4440,0.506,0.601,5,1,86,Basic,Fashion,30013,1
CUST0070,42,Female,Tier 3,80100,1,7.8,16,5410,0.497,0.577,6,4,81,Basic,Electronics,40946,1
CUST0071,60,Male,Tier 3,94200,14,17.8,12,3860,0.318,0.51,0,4,0,Premium,Beauty,46266,0
CUST0072,28,Female,Tier 1,70400,61,9.8,16,2980,0.273,0.501,6,4,75,Premium,Fashion,75852,0
CUST0073,42,Male,Tier 1,129600,33,9.1,12,4060,0.386,0.486,4,4,93,None,Home,54885,0
CUST0074,24,Female,Tier 1,56900,59,17.5,13,3740,0.104,0.406,1,1,69,Basic,Fashion,43321,0
CUST0075,54,Male,Tier 1,65300,4,12.2,17,2890,0.441,0.365,6,1,52,Basic,Beauty,39183,0
CUST0076,43,Male,Tier 1,46400,40,13.7,21,5050,0.152,0.328,9,4,114,Premium,Fashion,35945,0
CUST0077,35,Male,Tier 3,34000,50,12.1,11,5920,0.208,0.575,2,2,83,None,Fashion,21003,0
CUST0078,30,Other,Tier 2,25200,52,14.0,15,1650,0.667,0.557,7,1,84,Basic,Home,46473,1
CUST0079,47,Female,Tier 1,44300,67,14.5,22,4780,0.258,0.313,2,2,89,Basic,Fashion,80076,0
CUST0080,53,Female,Tier 2,71900,94,0.4,11,4670,0.318,0.721,5,4,109,Basic,Fashion,45670,0
CUST0081,67,Female,Tier 2,91000,57,16.0,11,5910,0.191,0.381,6,2,18,Basic,Beauty,63145,0
CUST0082,41,Female,Tier 3,69500,101,6.1,11,5010,0.217,0.572,3,2,0,Basic,Grocery,43491,0
CUST0083,26,Female,Tier 3,37500,64,3.3,11,2030,0.45,0.627,7,2,67,None,Grocery,10031,1
CUST0084,62,Male,Tier 2,105500,32,11.6,11,3190,0.315,0.555,7,0,99,Basic,Grocery,74716,0
CUST0085,51,Female,Tier 1,95200,28,12.5,20,5400,0.207,0.451,3,3,48,Premium,Home,67314,0
CUST0086,55,Female,Tier 3,70200,39,7.8,13,6890,0.457,0.654,4,2,112,Premium,Home,73671,1
CUST0087,23,Male,Tier 2,39400,72,17.0,13,690,0.55,0.406,2,3,59,Basic,Grocery,58400,0
CUST0088,34,Male,Tier 3,81000,30,3.9,16,5790,0.147,0.634,5,3,134,Basic,Fashion,17919,0
CUST0089,58,Female,Tier 1,82100,110,9.6,9,7330,0.286,0.403,9,2,50,None,Electronics,49493,0
CUST0090,62,Male,Tier 3,35100,58,8.5,9,4350,0.708,0.718,3,2,103,Premium,Grocery,27360,0
CUST0091,41,Female,Tier 2,66000,104,11.7,10,5980,0.326,0.501,2,6,85,Basic,Home,50329,0
CUST0092,60,Male,Tier 1,85400,82,13.7,6,3960,0.107,0.496,4,3,120,Basic,Fashion,51891,1
CUST0093,62,Male,Tier 2,51500,41,6.0,13,4600,0.202,0.379,8,2,0,Premium,Electronics,88475,0
CUST0094,38,Female,Tier 2,72200,28,16.3,16,2150,0.469,0.303,4,1,29,None,Fashion,34596,0
CUST0095,65,Male,Tier 1,36400,90,12.4,15,420,0.064,0.568,4,2,102,Basic,Grocery,42825,0
CUST0096,33,Male,Tier 2,104100,40,0.6,14,7150,0.671,0.65,2,0,149,None,Home,43807,1
CUST0097,30,Female,Tier 3,99900,30,0.2,10,3630,0.57,0.436,5,5,84,None,Electronics,31060,1
CUST0098,54,Female,Tier 1,66900,112,11.9,11,4180,0.511,0.555,2,5,58,Basic,Grocery,53934,0
CUST0099,51,Male,Tier 2,83900,58,10.7,20,2710,0.218,0.415,2,5,90,Basic,Home,37920,1
CUST0100,25,Male,Tier 2,15000,6,11.4,13,1840,0.348,0.6,8,0,106,Premium,Beauty,34590,0
CUST0101,62,Female,Tier 1,43800,60,11.8,14,4410,0.443,0.444,3,3,48,Basic,Electronics,53237,0
CUST0102,28,Other,Tier 3,52700,56,13.4,14,3520,0.25,0.449,6,0,73,Premium,Beauty,55185,0
CUST0103,60,Female,Tier 3,45300,104,17.7,14,5420,0.658,0.482,4,2,102,Basic,Grocery,55084,0
CUST0104,18,Male,Tier 1,77900,86,5.3,14,5950,0.301,0.461,4,3,143,Basic,Home,64545,1
CUST0105,60,Male,Tier 3,137400,23,5.0,16,6430,0.409,0.456,2,2,99,Premium,Electronics,72988,0
CUST0106,59,Male,Tier 3,41700,19,5.4,13,5130,0.31,0.529,7,0,77,Basic,Grocery,33121,0
CUST0107,59,Male,Tier 1,51900,73,13.7,9,7660,0.211,0.507,6,0,62,Basic,Grocery,41360,0
CUST0108,53,Female,Tier 3,81100,6,19.5,18,3250,0.6,0.204,4,4,57,None,Fashion,41928,0
CUST0109,42,Male,Tier 1,116800,39,9.4,11,5500,0.401,0.322,4,5,52,Basic,Fashion,58152,1
CUST0110,55,Female,Tier 3,38300,17,0.0,18,6700,0.19,0.712,10,1,102,Premium,Grocery,39841,1
CUST0111,32,Female,Tier 2,71000,3,1.8,16,7330,0.401,0.543,7,1,41,Basic,Grocery,37490,0
CUST0112,59,Female,Tier 2,131600,111,7.0,14,3220,0.777,0.486,3,5,120,Basic,Electronics,43199,1
CUST0113,47,Male,Tier 1,21400,11,8.7,16,3890,0.221,0.314,9,1,13,None,Fashion,22197,1
CUST0114,42,Female,Tier 3,30100,2,9.5,16,7010,0.439,0.42,5,6,47,Basic,Electronics,18470,0
CUST0115,44,Female,Tier 1,56800,112,12.2,15,5800,0.335,0.446,4,1,65,Basic,Beauty,53790,0
CUST0116,48,Female,Tier 1,55900,23,10.1,13,5220,0.517,0.572,6,2,149,Basic,Beauty,21389,1
CUST0117,19,Male,Tier 1,81400,98,18.3,13,4780,0.463,0.278,3,3,26,Premium,Fashion,62480,0
CUST0118,25,Male,Tier 3,67200,4,7.9,12,4320,0.312,0.677,7,2,58,Basic,Electronics,32904,1
CUST0119,31,Female,Tier 1,15000,19,6.8,18,4900,0.255,0.46,4,2,48,Premium,Electronics,28006,1
CUST0120,24,Male,Tier 3,75000,14,14.9,11,4650,0.345,0.338,3,0,114,Basic,Fashion,49090,0
CUST0121,41,Male,Tier 2,50700,85,2.8,20,4730,0.852,0.742,9,1,0,Basic,Home,51387,0
CUST0122,53,Female,Tier 1,112200,75,14.3,15,5690,0.094,0.437,1,2,20,None,Grocery,60512,0
CUST0123,52,Female,Tier 1,54700,58,12.6,14,3640,0.541,0.386,5,1,161,Basic,Electronics,36446,0
CUST0124,42,Female,Tier 1,49400,29,11.1,14,5750,0.168,0.448,3,5,85,Basic,Electronics,53084,1
CUST0125,63,Male,Tier 2,95200,11,21.5,12,10590,0.333,0.443,7,2,8,Basic,Electronics,66169,0
CUST0126,47,Female,Tier 3,93900,69,8.3,20,2130,0.241,0.652,10,2,79,None,Home,34341,1
CUST0127,22,Male,Tier 1,71900,28,24.4,15,5650,0.568,0.182,10,5,31,Premium,Grocery,90556,0
CUST0128,58,Female,Tier 3,25900,71,10.6,17,3140,0.344,0.467,1,4,97,None,Grocery,39972,1
CUST0129,48,Female,Tier 1,87600,83,4.3,17,6290,0.654,0.575,9,1,150,Basic,Fashion,55355,1
CUST0130,51,Male,Tier 3,42000,102,12.4,16,4790,0.424,0.345,2,2,69,Premium,Beauty,64702,1
CUST0131,47,Male,Tier 3,78100,60,5.5,14,6510,0.342,0.542,13,1,56,Basic,Fashion,24597,0
CUST0132,47,Male,Tier 3,28300,1,7.5,11,6660,0.156,0.518,5,2,102,Premium,Home,54326,0
CUST0133,22,Other,Tier 2,71900,34,14.4,11,5410,0.59,0.528,4,2,38,Basic,Beauty,55872,0
CUST0134,47,Female,Tier 3,46800,103,15.3,14,6800,0.218,0.521,3,1,24,Premium,Fashion,75180,0
CUST0135,60,Female,Tier 1,39000,64,8.3,28,450,0.452,0.473,6,2,1,Basic,Beauty,50368,0
CUST0136,34,Female,Tier 1,85900,75,17.9,17,8090,0.72,0.34,6,4,0,Basic,Fashion,74014,0
CUST0137,49,Male,Tier 1,79200,55,18.9,14,5830,0.653,0.413,6,3,17,None,Grocery,57399,0
CUST0138,19,Female,Tier 2,38600,20,20.6,24,6600,0.47,0.262,8,3,0,Basic,Electronics,66090,0
CUST0139,36,Male,Tier 2,109000,108,15.2,17,3310,0.329,0.461,11,2,71,None,Fashion,57440,1
CUST0140,41,Male,Tier 2,54800,93,20.2,21,3360,0.277,0.318,5,3,0,Premium,Electronics,81809,0
CUST0141,70,Female,Tier 3,83500,120,0.7,22,5460,0.034,0.523,5,2,0,None,Electronics,31560,0
CUST0142,29,Female,Tier 1,70100,103,10.1,9,5010,0.344,0.383,9,3,20,None,Electronics,46228,0
CUST0143,32,Male,Tier 2,44900,35,6.8,19,5250,0.332,0.673,5,2,66,Premium,Fashion,72053,0
CUST0144,39,Female,Tier 1,81100,31,12.7,15,7130,0.543,0.424,8,2,36,None,Grocery,48141,1
CUST0145,70,Female,Tier 1,66500,30,8.6,16,1820,0.156,0.665,3,3,139,Basic,Fashion,34733,1
CUST0146,63,Female,Tier 2,66700,111,11.0,14,6750,0.453,0.414,3,0,37,Basic,Fashion,46828,0
CUST0147,19,Female,Tier 3,97900,67,23.3,26,5390,0.338,0.31,8,2,72,None,Beauty,72428,0
CUST0148,30,Male,Tier 2,31300,55,11.0,11,4210,0.282,0.704,8,4,80,None,Beauty,23805,0
CUST0149,61,Male,Tier 1,15000,117,14.5,25,1730,0.262,0.307,6,1,47,Basic,Electronics,48066,0
CUST0150,21,Male,Tier 2,106300,73,10.6,20,6380,0.309,0.281,5,1,20,None,Fashion,73618,0
CUST0151,63,Female,Tier 1,155500,110,12.5,10,1720,0.216,0.571,3,4,68,None,Grocery,56208,0
CUST0152,32,Female,Tier 3,51300,119,12.0,15,5980,0.436,0.367,4,3,27,None,Home,58423,0
CUST0153,66,Male,Tier 2,22400,10,14.7,17,1780,0.485,0.407,6,1,62,Basic,Fashion,45324,1
CUST0154,33,Male,Tier 1,54700,44,19.0,14,4950,0.132,0.286,3,3,33,Basic,Home,72401,0
CUST0155,41,Male,Tier 1,59400,89,21.9,13,4700,0.284,0.328,3,3,6,None,Electronics,63905,0
CUST0156,53,Female,Tier 1,68300,98,13.9,9,7120,0.139,0.326,6,0,89,Basic,Fashion,98916,0
CUST0157,24,Female,Tier 3,26100,18,15.5,18,4190,0.49,0.38,5,5,69,Basic,Home,51695,1
CUST0158,47,Male,Tier 2,88400,39,5.1,22,4010,0.445,0.598,7,2,64,None,Grocery,47239,1
CUST0159,44,Male,Tier 3,85200,66,11.5,11,4310,0.591,0.357,2,3,62,Basic,Home,38098,0
CUST0160,59,Female,Tier 2,32200,96,17.6,22,6880,0.829,0.296,4,2,41,Premium,Electronics,63503,1
CUST0161,70,Male,Tier 2,103500,14,17.2,12,6410,0.49,0.337,4,3,15,Basic,Electronics,81752,0
CUST0162,53,Female,Tier 1,135600,73,13.3,10,5130,0.485,0.288,5,3,52,Basic,Electronics,90601,0
CUST0163,39,Male,Tier 3,72200,36,17.3,11,4640,0.498,0.328,1,3,24,Basic,Electronics,70284,0
CUST0164,39,Male,Tier 1,56900,26,14.9,21,2060,0.242,0.418,6,5,20,None,Electronics,57996,0
CUST0165,40,Female,Tier 2,63200,62,19.2,16,5660,0.62,0.302,9,3,0,Premium,Grocery,55532,0
CUST0166,61,Male,Tier 2,96500,50,13.7,19,2190,0.558,0.397,14,2,43,Premium,Grocery,71010,0
CUST0167,35,Male,Tier 2,15000,77,9.9,13,5730,0.318,0.48,8,3,88,Premium,Grocery,30849,1
CUST0168,26,Male,Tier 3,65400,39,14.0,11,5220,0.361,0.354,6,3,27,None,Fashion,28035,0
CUST0169,35,Male,Tier 1,53300,99,0.0,23,9140,0.414,0.699,5,2,190,Basic,Electronics,44991,0
CUST0170,19,Male,Tier 2,112400,10,14.3,18,3570,0.512,0.559,4,3,101,None,Grocery,55997,1
CUST0171,23,Male,Tier 2,53800,104,0.0,11,4660,0.684,0.584,6,2,135,Basic,Electronics,41533,1
CUST0172,22,Male,Tier 2,108500,4,1.7,17,8740,0.787,0.653,5,4,119,Basic,Home,51904,1
CUST0173,58,Male,Tier 1,43400,89,14.7,14,6870,0.151,0.386,12,2,125,Basic,Electronics,60978,0
CUST0174,56,Female,Tier 1,93100,42,14.9,18,4060,0.341,0.443,7,2,28,None,Grocery,46915,0
CUST0175,54,Female,Tier 1,84100,47,5.0,22,5610,0.238,0.712,6,3,0,Premium,Beauty,63157,0
CUST0176,42,Male,Tier 1,42400,3,7.7,9,4710,0.177,0.565,2,5,58,None,Grocery,14278,1
CUST0177,56,Male,Tier 2,80800,85,20.2,15,5680,0.06,0.15,7,3,52,None,Grocery,41048,0
CUST0178,26,Female,Tier 2,96900,20,9.1,15,4110,0.056,0.539,4,3,78,Premium,Grocery,66771,0
CUST0179,65,Female,Tier 2,70300,80,25.5,14,4880,0.17,0.371,6,1,51,Basic,Electronics,59004,0
CUST0180,44,Female,Tier 2,18700,88,12.0,16,1550,0.039,0.428,4,2,111,Basic,Grocery,46370,1
CUST0181,67,Male,Tier 2,80500,102,14.4,17,5410,0.177,0.514,8,0,78,Basic,Beauty,74462,0
CUST0182,26,Male,Tier 1,33400,85,21.7,21,5410,0.559,0.235,8,0,66,None,Beauty,49201,0
CUST0183,44,Male,Tier 2,59200,37,12.8,17,4500,0.197,0.289,6,3,14,None,Fashion,56316,0
CUST0184,54,Male,Tier 1,72100,89,6.0,14,2160,0.122,0.554,10,3,35,Basic,Fashion,41500,0
CUST0185,44,Female,Tier 1,18300,100,11.3,20,6200,0.483,0.285,5,0,113,Basic,Home,24286,0
CUST0186,41,Male,Tier 2,19500,39,11.8,13,5090,0.519,0.429,5,1,65,Basic,Grocery,38795,1
CUST0187,26,Male,Tier 2,75000,15,3.8,13,3790,0.533,0.702,3,5,66,None,Fashion,25554,0
CUST0188,38,Male,Tier 1,50800,107,10.5,19,4300,0.48,0.282,7,0,29,Basic,Electronics,50372,0
CUST0189,30,Female,Tier 2,15000,18,7.5,18,1680,0.757,0.39,3,3,39,Premium,Electronics,58618,0
CUST0190,33,Male,Tier 2,87500,72,17.5,11,3400,0.155,0.264,2,3,16,None,Fashion,39446,0
CUST0191,54,Female,Tier 2,82700,29,12.2,10,4220,0.269,0.441,3,0,12,None,Electronics,52630,0
CUST0192,51,Male,Tier 2,51600,16,10.3,16,7030,0.506,0.439,9,4,6,Basic,Electronics,38312,0
CUST0193,50,Female,Tier 2,33000,94,11.4,21,3440,0.518,0.599,7,2,66,Premium,Electronics,62263,0
CUST0194,37,Male,Tier 1,91100,18,13.3,10,6450,0.043,0.526,3,1,43,Basic,Beauty,63040,0
CUST0195,68,Female,Tier 3,92000,81,15.7,12,4340,0.578,0.444,10,1,99,Basic,Electronics,58783,0
CUST0196,22,Female,Tier 2,130000,84,6.0,20,6210,0.309,0.555,8,8,88,Basic,Electronics,52321,0
CUST0197,36,Other,Tier 2,78100,8,5.8,17,4880,0.519,0.582,7,3,89,None,Fashion,27634,1
CUST0198,24,Female,Tier 2,71100,21,18.6,13,6620,0.376,0.265,6,1,13,Basic,Electronics,72842,0
CUST0199,35,Female,Tier 1,60000,96,9.5,10,3960,0.524,0.573,5,2,69,None,Beauty,63217,0
CUST0200,68,Female,Tier 2,106000,61,3.5,13,2640,0.201,0.466,2,2,87,Basic,Beauty,51370,0
